{
  "models": {
    "logreg": {
      "accuracy": 0.8524590163934426,
      "roc_auc": 0.896103896103896
    },
    "dt": {
      "accuracy": 0.7049180327868853,
      "roc_auc": 0.742965367965368
    },
    "rf": {
      "accuracy": 0.7704918032786885,
      "roc_auc": 0.9069264069264069
    }
  },
  "best_model": "rf"
}